{
  "poc_90td": 6795.506461725824,
  "poc_180td": 6586.2180633577955,
  "poc_252td": 6302.273745608339,
  "status": "ok"
}